{
  "scaler": {
    "mean": [
      14.469696969696969,
      31.862380222928113,
      2.0007226441419763,
      7127.064384171044,
      0.5029184252065374,
      -0.19882359488832096
    ],
    "scale": [
      11.117217100956013,
      29.488284988989044,
      7.338968142891353,
      4970.3072084102405,
      0.14403788819278496,
      1.5861556468094185
    ],
    "var": [
      123.59251606978883,
      869.5589515918366,
      53.860453402374155,
      24703953.7459748,
      0.02074691323503722,
      2.5158897359054047
    ]
  },
  "model": {
    "coef": [
      [
        -1.159285269311734,
        -1.426163714356822,
        1.8195162859971796,
        -0.06292700332791414,
        0.4109325567055123,
        0.012941452405645974
      ],
      [
        -0.15234088553569292,
        -0.26116461456631046,
        -0.706266389520086,
        0.025932024154888177,
        0.17041311705807707,
        -0.27610262683049946
      ],
      [
        1.3116261548474266,
        1.6873283289231316,
        -1.1132498964770945,
        0.036994979173026535,
        -0.5813456737635887,
        0.2631611744248537
      ]
    ],
    "intercept": [
      -0.6593836576755557,
      0.5493367794372398,
      0.11004687823831276
    ],
    "classes": [
      0,
      1,
      2
    ],
    "n_features": 6,
    "multi_class": "ovr"
  },
  "feature_names": [
    "turn_events",
    "mean_abs_dtheta",
    "heading_kurtosis",
    "heading_var",
    "zero_crossing_rate",
    "heading_skewness"
  ]
}